
USE cs6400_fa17_team001 ;

-- Inserting 21 Users --
INSERT INTO User (email,password,first_name,last_name) VALUES ('michael@bluthco.com','michael123','Michael','Bluth');
INSERT INTO User (email,password,first_name,last_name) VALUES ('rtaylor@gatech.edu','password123','Robert','Taylor');
INSERT INTO User (email,password,first_name,last_name) VALUES ('dwilliamson@gatech.edu','password123','Daniel','Williamson');
INSERT INTO User (email,password,first_name,last_name) VALUES ('llopez@gatech.edu','password123','Luis','Lopez');
INSERT INTO User (email,password,first_name,last_name) VALUES ('pestrada@gatech.edu','password123','Patrick','Estrada');
INSERT INTO User (email,password,first_name,last_name) VALUES ('rwalker@gatech.edu','password123','Rodney','Walker');
INSERT INTO User (email,password,first_name,last_name) VALUES ('shenry@gatech.edu','password123','Sean','Henry');
INSERT INTO User (email,password,first_name,last_name) VALUES ('tfox@gatech.edu','password123','Thomas','Fox');
INSERT INTO User (email,password,first_name,last_name) VALUES ('jflowers@gatech.edu','password123','Jacob','Flowers');
INSERT INTO User (email,password,first_name,last_name) VALUES ('braymond@gatech.edu','password123','Bianca','Raymond');
INSERT INTO User (email,password,first_name,last_name) VALUES ('jcarroll@gatech.edu','password123','Julie','Carroll');
INSERT INTO User (email,password,first_name,last_name) VALUES ('jhernandez@gatech.edu','password123','Jane','Hernandez');
INSERT INTO User (email,password,first_name,last_name) VALUES ('crogers@gatech.edu','password123','Colleen','Rogers');
INSERT INTO User (email,password,first_name,last_name) VALUES ('efrank@gatech.edu','password123','Elizabeth','Frank');
INSERT INTO User (email,password,first_name,last_name) VALUES ('ahess@gatech.edu','password123','Alicia','Hess');
INSERT INTO User (email,password,first_name,last_name) VALUES ('tjohnson@gatech.edu','password123','Tara','Johnson');
INSERT INTO User (email,password,first_name,last_name) VALUES ('cchavez@gatech.edu','password123','Christine','Chavez');
INSERT INTO User (email,password,first_name,last_name) VALUES ('admin01@gtonline.com','admin123','Sharon','Lowery');
INSERT INTO User (email,password,first_name,last_name) VALUES ('admin02@gtonline.com','admin123','Gary','Turner');
INSERT INTO User (email,password,first_name,last_name) VALUES ('admin03@gtonline.com','admin123','Kristina','Scott');
INSERT INTO User (email,password,first_name,last_name) VALUES ('admin04@gtonline.com','admin123','Charles','James');

-- Inserting 21 RegularUsers --
INSERT INTO RegularUser (email,gender,birthdate,current_city,home_town) VALUES ('michael@bluthco.com','Male','1969-10-07','East Julie','West Lisa');
INSERT INTO RegularUser (email,gender,birthdate,current_city,home_town) VALUES ('rtaylor@gatech.edu','Male','1967-02-06','Zamoraland','Jonathanstad');
INSERT INTO RegularUser (email,gender,birthdate,current_city,home_town) VALUES ('dwilliamson@gatech.edu','Male','1959-07-18','East Thomasmouth','Port Denisechester');
INSERT INTO RegularUser (email,gender,birthdate,current_city,home_town) VALUES ('llopez@gatech.edu','Male','1949-09-12','Hoberg','North Natalieside');
INSERT INTO RegularUser (email,gender,birthdate,current_city,home_town) VALUES ('pestrada@gatech.edu','Male','1947-01-28','Port Jenniferbury','Danielton');
INSERT INTO RegularUser (email,gender,birthdate,current_city,home_town) VALUES ('rwalker@gatech.edu','Male','1968-08-13','Hebertmouth','East Joseph');
INSERT INTO RegularUser (email,gender,birthdate,current_city,home_town) VALUES ('shenry@gatech.edu','Male','1956-02-16','South Barry','South Danielborough');
INSERT INTO RegularUser (email,gender,birthdate,current_city,home_town) VALUES ('tfox@gatech.edu','Male','1956-12-21','Stephanieport','Jonathanton');
INSERT INTO RegularUser (email,gender,birthdate,current_city,home_town) VALUES ('jflowers@gatech.edu','Male','1958-01-25','Davishaven','Carlyshire');
INSERT INTO RegularUser (email,gender,birthdate,current_city,home_town) VALUES ('braymond@gatech.edu','Female','1958-05-09','Port Amanda','North Mark');
INSERT INTO RegularUser (email,gender,birthdate,current_city,home_town) VALUES ('jcarroll@gatech.edu','Female','1960-06-08','Tristanside','Knappmouth');
INSERT INTO RegularUser (email,gender,birthdate,current_city,home_town) VALUES ('jhernandez@gatech.edu','Female','1967-11-16','Martinezstad','Brandonfurt');
INSERT INTO RegularUser (email,gender,birthdate,current_city,home_town) VALUES ('crogers@gatech.edu','Female','1990-06-21','East Annashire','South Raymond');
INSERT INTO RegularUser (email,gender,birthdate,current_city,home_town) VALUES ('efrank@gatech.edu','Female','1947-03-26','New Frankmouth','Port Tomtown');
INSERT INTO RegularUser (email,gender,birthdate,current_city,home_town) VALUES ('ahess@gatech.edu','Female','1955-10-21','Johnville','Donaldburgh');
INSERT INTO RegularUser (email,gender,birthdate,current_city,home_town) VALUES ('tjohnson@gatech.edu','Female','1992-03-12','North Janicetown','New Amanda');
INSERT INTO RegularUser (email,gender,birthdate,current_city,home_town) VALUES ('cchavez@gatech.edu','Female','1957-07-22','Oconnellville','Suttonview');
INSERT INTO RegularUser (email,gender,birthdate,current_city,home_town) VALUES ('admin01@gtonline.com','Female','1980-12-07','Fosterport','Port Breanna');
INSERT INTO RegularUser (email,gender,birthdate,current_city,home_town) VALUES ('admin02@gtonline.com','Male','1958-07-27','Coleville','Jackieville');
INSERT INTO RegularUser (email,gender,birthdate,current_city,home_town) VALUES ('admin03@gtonline.com','Female','1990-12-19','Rebeccaside','Evelynshire');
INSERT INTO RegularUser (email,gender,birthdate,current_city,home_town) VALUES ('admin04@gtonline.com','Male','1978-06-19','Richardbury','South Michael');

-- Inserting AdminUsers --
INSERT INTO AdminUser (email,last_login) VALUES ('admin01@gtonline.com',NOW());
INSERT INTO AdminUser (email,last_login) VALUES ('admin02@gtonline.com',NOW());
INSERT INTO AdminUser (email,last_login) VALUES ('admin03@gtonline.com',NOW());
INSERT INTO AdminUser (email,last_login) VALUES ('admin04@gtonline.com',NOW());

-- Inserting 6 SchoolTypes --
INSERT INTO SchoolType (type_name) VALUES ('Art Institue');
INSERT INTO SchoolType (type_name) VALUES ('Community College');
INSERT INTO SchoolType (type_name) VALUES ('High School');
INSERT INTO SchoolType (type_name) VALUES ('Military');
INSERT INTO SchoolType (type_name) VALUES ('Technical College');
INSERT INTO SchoolType (type_name) VALUES ('University');

-- Inserting 22 Schools --
INSERT INTO School (school_name,school_type) VALUES ('Lakeside High School','High School');
INSERT INTO School (school_name,school_type) VALUES ('North Springs High School','High School');
INSERT INTO School (school_name,school_type) VALUES ('Atlanta High School','High School');
INSERT INTO School (school_name,school_type) VALUES ('Georgia Perimeter College','Community College');
INSERT INTO School (school_name,school_type) VALUES ('Atlanta Tech College','Technical College');
INSERT INTO School (school_name,school_type) VALUES ('Atlanta Art College','Art Institue');
INSERT INTO School (school_name,school_type) VALUES ('Atlanta Technical College','Technical College');
INSERT INTO School (school_name,school_type) VALUES ('Georgia Art College','Art Institue');
INSERT INTO School (school_name,school_type) VALUES ('Stanford Brown Junior College','Community College');
INSERT INTO School (school_name,school_type) VALUES ('Georgia Military College','Military');
INSERT INTO School (school_name,school_type) VALUES ('Georgia Technical College','Technical College');
INSERT INTO School (school_name,school_type) VALUES ('Atlanta College of Art','Art Institue');
INSERT INTO School (school_name,school_type) VALUES ('Georgia Junior College','Community College');
INSERT INTO School (school_name,school_type) VALUES ('Georgia Military Academy','Military');
INSERT INTO School (school_name,school_type) VALUES ('Massachusetts Institue of Technology','University');
INSERT INTO School (school_name,school_type) VALUES ('Stanford University','University');
INSERT INTO School (school_name,school_type) VALUES ('University of California','University');
INSERT INTO School (school_name,school_type) VALUES ('University of Colorado','University');
INSERT INTO School (school_name,school_type) VALUES ('University of Georgia','University');
INSERT INTO School (school_name,school_type) VALUES ('Georgia Institute of Technology','University');
INSERT INTO School (school_name,school_type) VALUES ('Carnegie Mellon University','University');
INSERT INTO School (school_name,school_type) VALUES ('California Institute of Technology','University');

-- Inserting 3 Attends --
INSERT INTO Attend (email,school_name,year_graduated) VALUES ('michael@bluthco.com','Lakeside High School','1987');
INSERT INTO Attend (email,school_name,year_graduated) VALUES ('michael@bluthco.com','Georgia Technical College','1990');
INSERT INTO Attend (email,school_name,year_graduated) VALUES ('michael@bluthco.com','Carnegie Mellon University','1994');
INSERT INTO Attend (email,school_name,year_graduated) VALUES ('rtaylor@gatech.edu','Atlanta High School','1985');
INSERT INTO Attend (email,school_name,year_graduated) VALUES ('rtaylor@gatech.edu','Georgia Military Academy','1988');
INSERT INTO Attend (email,school_name,year_graduated) VALUES ('rtaylor@gatech.edu','University of Georgia','1992');
INSERT INTO Attend (email,school_name,year_graduated) VALUES ('dwilliamson@gatech.edu','Lakeside High School','1977');
INSERT INTO Attend (email,school_name,year_graduated) VALUES ('dwilliamson@gatech.edu','Atlanta College of Art','1980');
INSERT INTO Attend (email,school_name,year_graduated) VALUES ('dwilliamson@gatech.edu','Massachusetts Institue of Technology','1984');
INSERT INTO Attend (email,school_name,year_graduated) VALUES ('llopez@gatech.edu','North Springs High School','1967');
INSERT INTO Attend (email,school_name,year_graduated) VALUES ('llopez@gatech.edu','Atlanta Tech College','1970');
INSERT INTO Attend (email,school_name,year_graduated) VALUES ('llopez@gatech.edu','Carnegie Mellon University','1974');
INSERT INTO Attend (email,school_name,year_graduated) VALUES ('pestrada@gatech.edu','North Springs High School','1965');
INSERT INTO Attend (email,school_name,year_graduated) VALUES ('pestrada@gatech.edu','Georgia Junior College','1968');
INSERT INTO Attend (email,school_name,year_graduated) VALUES ('pestrada@gatech.edu','University of Georgia','1972');
INSERT INTO Attend (email,school_name,year_graduated) VALUES ('rwalker@gatech.edu','North Springs High School','1986');
INSERT INTO Attend (email,school_name,year_graduated) VALUES ('rwalker@gatech.edu','Georgia Junior College','1989');
INSERT INTO Attend (email,school_name,year_graduated) VALUES ('rwalker@gatech.edu','Carnegie Mellon University','1993');
INSERT INTO Attend (email,school_name,year_graduated) VALUES ('shenry@gatech.edu','Lakeside High School','1974');
INSERT INTO Attend (email,school_name,year_graduated) VALUES ('shenry@gatech.edu','Georgia Art College','1977');
INSERT INTO Attend (email,school_name,year_graduated) VALUES ('shenry@gatech.edu','California Institute of Technology','1981');
INSERT INTO Attend (email,school_name,year_graduated) VALUES ('tfox@gatech.edu','Atlanta High School','1974');
INSERT INTO Attend (email,school_name,year_graduated) VALUES ('tfox@gatech.edu','Georgia Technical College','1977');
INSERT INTO Attend (email,school_name,year_graduated) VALUES ('tfox@gatech.edu','Carnegie Mellon University','1981');
INSERT INTO Attend (email,school_name,year_graduated) VALUES ('jflowers@gatech.edu','North Springs High School','1976');
INSERT INTO Attend (email,school_name,year_graduated) VALUES ('jflowers@gatech.edu','Atlanta Technical College','1979');
INSERT INTO Attend (email,school_name,year_graduated) VALUES ('jflowers@gatech.edu','Carnegie Mellon University','1983');
INSERT INTO Attend (email,school_name,year_graduated) VALUES ('braymond@gatech.edu','Atlanta High School','1976');
INSERT INTO Attend (email,school_name,year_graduated) VALUES ('braymond@gatech.edu','Georgia Art College','1979');
INSERT INTO Attend (email,school_name,year_graduated) VALUES ('braymond@gatech.edu','Massachusetts Institue of Technology','1983');
INSERT INTO Attend (email,school_name,year_graduated) VALUES ('jcarroll@gatech.edu','North Springs High School','1978');
INSERT INTO Attend (email,school_name,year_graduated) VALUES ('jcarroll@gatech.edu','Georgia Military Academy','1981');
INSERT INTO Attend (email,school_name,year_graduated) VALUES ('jcarroll@gatech.edu','California Institute of Technology','1985');
INSERT INTO Attend (email,school_name,year_graduated) VALUES ('jhernandez@gatech.edu','Atlanta High School','1985');
INSERT INTO Attend (email,school_name,year_graduated) VALUES ('jhernandez@gatech.edu','Atlanta Tech College','1988');
INSERT INTO Attend (email,school_name,year_graduated) VALUES ('jhernandez@gatech.edu','University of California','1992');
INSERT INTO Attend (email,school_name,year_graduated) VALUES ('crogers@gatech.edu','Atlanta High School','2008');
INSERT INTO Attend (email,school_name,year_graduated) VALUES ('crogers@gatech.edu','Atlanta Tech College','2011');
INSERT INTO Attend (email,school_name,year_graduated) VALUES ('crogers@gatech.edu','University of California','2015');
INSERT INTO Attend (email,school_name,year_graduated) VALUES ('efrank@gatech.edu','North Springs High School','1965');
INSERT INTO Attend (email,school_name,year_graduated) VALUES ('efrank@gatech.edu','Atlanta Art College','1968');
INSERT INTO Attend (email,school_name,year_graduated) VALUES ('efrank@gatech.edu','University of Colorado','1972');
INSERT INTO Attend (email,school_name,year_graduated) VALUES ('ahess@gatech.edu','Atlanta High School','1973');
INSERT INTO Attend (email,school_name,year_graduated) VALUES ('ahess@gatech.edu','Atlanta Technical College','1976');
INSERT INTO Attend (email,school_name,year_graduated) VALUES ('ahess@gatech.edu','California Institute of Technology','1980');
INSERT INTO Attend (email,school_name,year_graduated) VALUES ('tjohnson@gatech.edu','Atlanta High School','2010');
INSERT INTO Attend (email,school_name,year_graduated) VALUES ('tjohnson@gatech.edu','Georgia Technical College','2013');
INSERT INTO Attend (email,school_name,year_graduated) VALUES ('cchavez@gatech.edu','Lakeside High School','1975');
INSERT INTO Attend (email,school_name,year_graduated) VALUES ('cchavez@gatech.edu','Atlanta Art College','1978');
INSERT INTO Attend (email,school_name,year_graduated) VALUES ('cchavez@gatech.edu','Stanford University','1982');
INSERT INTO Attend (email,school_name,year_graduated) VALUES ('admin01@gtonline.com','North Springs High School','1998');
INSERT INTO Attend (email,school_name,year_graduated) VALUES ('admin01@gtonline.com','Georgia Military Academy','2001');
INSERT INTO Attend (email,school_name,year_graduated) VALUES ('admin01@gtonline.com','Carnegie Mellon University','2005');
INSERT INTO Attend (email,school_name,year_graduated) VALUES ('admin02@gtonline.com','Lakeside High School','1976');
INSERT INTO Attend (email,school_name,year_graduated) VALUES ('admin02@gtonline.com','Georgia Junior College','1979');
INSERT INTO Attend (email,school_name,year_graduated) VALUES ('admin02@gtonline.com','Georgia Institute of Technology','1983');
INSERT INTO Attend (email,school_name,year_graduated) VALUES ('admin03@gtonline.com','North Springs High School','2008');
INSERT INTO Attend (email,school_name,year_graduated) VALUES ('admin03@gtonline.com','Stanford Brown Junior College','2011');
INSERT INTO Attend (email,school_name,year_graduated) VALUES ('admin03@gtonline.com','University of Georgia','2015');
INSERT INTO Attend (email,school_name,year_graduated) VALUES ('admin04@gtonline.com','Atlanta High School','1996');
INSERT INTO Attend (email,school_name,year_graduated) VALUES ('admin04@gtonline.com','Georgia Military College','1999');
INSERT INTO Attend (email,school_name,year_graduated) VALUES ('admin04@gtonline.com','Georgia Institute of Technology','2003');

-- Inserting 21 Employers --
INSERT INTO Employer (employer_name) VALUES ('Washington-Myers');
INSERT INTO Employer (employer_name) VALUES ('Rodriguez-Gomez');
INSERT INTO Employer (employer_name) VALUES ('Lopez and Sons');
INSERT INTO Employer (employer_name) VALUES ('Potts Inc');
INSERT INTO Employer (employer_name) VALUES ('Torres Group');
INSERT INTO Employer (employer_name) VALUES ('Kim: Hoover and Watts');
INSERT INTO Employer (employer_name) VALUES ('Proctor and Sons');
INSERT INTO Employer (employer_name) VALUES ('Porter-Floyd');
INSERT INTO Employer (employer_name) VALUES ('Hanson-Butler');
INSERT INTO Employer (employer_name) VALUES ('Gutierrez and Sons');
INSERT INTO Employer (employer_name) VALUES ('Cole: Moore and Mckenzie');
INSERT INTO Employer (employer_name) VALUES ('Smith LLC');
INSERT INTO Employer (employer_name) VALUES ('Flores-Anderson');
INSERT INTO Employer (employer_name) VALUES ('Cooper Group');
INSERT INTO Employer (employer_name) VALUES ('Mccall: Luna and Arroyo');
INSERT INTO Employer (employer_name) VALUES ('Sanders: Kirby and Carpenter');
INSERT INTO Employer (employer_name) VALUES ('Jackson and Sons');
INSERT INTO Employer (employer_name) VALUES ('Davis-Lewis');
INSERT INTO Employer (employer_name) VALUES ('Bird PLC');
INSERT INTO Employer (employer_name) VALUES ('Wu-Mcdowell');
INSERT INTO Employer (employer_name) VALUES ('White Inc');
INSERT INTO Employer (employer_name) VALUES ('Monroe: Simmons and Fleming');
INSERT INTO Employer (employer_name) VALUES ('Martinez PLC');
INSERT INTO Employer (employer_name) VALUES ('Thompson: Perez and Bates');
INSERT INTO Employer (employer_name) VALUES ('Buckley: Weaver and Williams');
INSERT INTO Employer (employer_name) VALUES ('Rodriguez Ltd');
INSERT INTO Employer (employer_name) VALUES ('Odom: Haynes and Smith');
INSERT INTO Employer (employer_name) VALUES ('Vaughn: Griffith and Parrish');
INSERT INTO Employer (employer_name) VALUES ('Petty Inc');
INSERT INTO Employer (employer_name) VALUES ('Luna: Martin and Harper');
INSERT INTO Employer (employer_name) VALUES ('Brown: Simmons and Davidson');
INSERT INTO Employer (employer_name) VALUES ('Henderson-Conway');
INSERT INTO Employer (employer_name) VALUES ('Watts LLC');
INSERT INTO Employer (employer_name) VALUES ('Woodward-Horton');
INSERT INTO Employer (employer_name) VALUES ('Smith Ltd');
INSERT INTO Employer (employer_name) VALUES ('Frazier Inc');
INSERT INTO Employer (employer_name) VALUES ('Anderson: Barker and Chang');
INSERT INTO Employer (employer_name) VALUES ('Cox Inc');
INSERT INTO Employer (employer_name) VALUES ('Evans-Sutton');
INSERT INTO Employer (employer_name) VALUES ('Lamb: Graham and Jefferson');
INSERT INTO Employer (employer_name) VALUES ('Larson-Tapia');
INSERT INTO Employer (employer_name) VALUES ('Garcia Group');

-- Inserting 21 Employments --
INSERT INTO Employment (email,employer_name,job_title) VALUES ('michael@bluthco.com','Rodriguez-Gomez','Community Arts Worker');
INSERT INTO Employment (email,employer_name,job_title) VALUES ('michael@bluthco.com','Washington-Myers','Cartographer');
INSERT INTO Employment (email,employer_name,job_title) VALUES ('rtaylor@gatech.edu','Potts Inc','Chief Technology Officer');
INSERT INTO Employment (email,employer_name,job_title) VALUES ('rtaylor@gatech.edu','Lopez and Sons','Product/Process Development Scientist');
INSERT INTO Employment (email,employer_name,job_title) VALUES ('dwilliamson@gatech.edu','Kim: Hoover and Watts','Product Manager');
INSERT INTO Employment (email,employer_name,job_title) VALUES ('dwilliamson@gatech.edu','Torres Group','Chartered Management Accountant');
INSERT INTO Employment (email,employer_name,job_title) VALUES ('llopez@gatech.edu','Porter-Floyd','Medical Physicist');
INSERT INTO Employment (email,employer_name,job_title) VALUES ('llopez@gatech.edu','Proctor and Sons','Sales Promotion Account Executive');
INSERT INTO Employment (email,employer_name,job_title) VALUES ('pestrada@gatech.edu','Gutierrez and Sons','Intelligence Analyst');
INSERT INTO Employment (email,employer_name,job_title) VALUES ('pestrada@gatech.edu','Hanson-Butler','Chartered Certified Accountant');
INSERT INTO Employment (email,employer_name,job_title) VALUES ('rwalker@gatech.edu','Smith LLC','Museum/Gallery Conservator');
INSERT INTO Employment (email,employer_name,job_title) VALUES ('rwalker@gatech.edu','Cole: Moore and Mckenzie','Equality And Diversity Officer');
INSERT INTO Employment (email,employer_name,job_title) VALUES ('shenry@gatech.edu','Cooper Group','Facilities Manager');
INSERT INTO Employment (email,employer_name,job_title) VALUES ('shenry@gatech.edu','Flores-Anderson','Arts Development Officer');
INSERT INTO Employment (email,employer_name,job_title) VALUES ('tfox@gatech.edu','Sanders: Kirby and Carpenter','Visual Merchandiser');
INSERT INTO Employment (email,employer_name,job_title) VALUES ('tfox@gatech.edu','Mccall: Luna and Arroyo','Administrator: Sports');
INSERT INTO Employment (email,employer_name,job_title) VALUES ('jflowers@gatech.edu','Davis-Lewis','Health Service Manager');
INSERT INTO Employment (email,employer_name,job_title) VALUES ('jflowers@gatech.edu','Jackson and Sons','Leisure Centre Manager');
INSERT INTO Employment (email,employer_name,job_title) VALUES ('braymond@gatech.edu','Wu-Mcdowell','Regulatory Affairs Officer');
INSERT INTO Employment (email,employer_name,job_title) VALUES ('braymond@gatech.edu','Bird PLC','Regulatory Affairs Officer');
INSERT INTO Employment (email,employer_name,job_title) VALUES ('jcarroll@gatech.edu','Monroe: Simmons and Fleming','Medical Technical Officer');
INSERT INTO Employment (email,employer_name,job_title) VALUES ('jcarroll@gatech.edu','White Inc','Editor: Commissioning');
INSERT INTO Employment (email,employer_name,job_title) VALUES ('jhernandez@gatech.edu','Thompson: Perez and Bates','Dealer');
INSERT INTO Employment (email,employer_name,job_title) VALUES ('jhernandez@gatech.edu','Martinez PLC','Administrator: Arts');
INSERT INTO Employment (email,employer_name,job_title) VALUES ('crogers@gatech.edu','Rodriguez Ltd','Ranger/Warden');
INSERT INTO Employment (email,employer_name,job_title) VALUES ('crogers@gatech.edu','Buckley: Weaver and Williams','Risk Manager');
INSERT INTO Employment (email,employer_name,job_title) VALUES ('efrank@gatech.edu','Vaughn: Griffith and Parrish','Minerals Surveyor');
INSERT INTO Employment (email,employer_name,job_title) VALUES ('efrank@gatech.edu','Odom: Haynes and Smith','Building Control Surveyor');
INSERT INTO Employment (email,employer_name,job_title) VALUES ('ahess@gatech.edu','Luna: Martin and Harper','Designer: Graphic');
INSERT INTO Employment (email,employer_name,job_title) VALUES ('ahess@gatech.edu','Petty Inc','Senior Tax Professional/Tax Inspector');
INSERT INTO Employment (email,employer_name,job_title) VALUES ('tjohnson@gatech.edu','Henderson-Conway','Scientist: Product/Process Development');
INSERT INTO Employment (email,employer_name,job_title) VALUES ('tjohnson@gatech.edu','Brown: Simmons and Davidson','Scientist: Physiological');
INSERT INTO Employment (email,employer_name,job_title) VALUES ('cchavez@gatech.edu','Woodward-Horton','Horticulturist: Amenity');
INSERT INTO Employment (email,employer_name,job_title) VALUES ('cchavez@gatech.edu','Watts LLC','Buyer: Retail');
INSERT INTO Employment (email,employer_name,job_title) VALUES ('admin01@gtonline.com','Frazier Inc','Film/Video Editor');
INSERT INTO Employment (email,employer_name,job_title) VALUES ('admin01@gtonline.com','Smith Ltd','Stage Manager');
INSERT INTO Employment (email,employer_name,job_title) VALUES ('admin02@gtonline.com','Cox Inc','Publishing Rights Manager');
INSERT INTO Employment (email,employer_name,job_title) VALUES ('admin02@gtonline.com','Anderson: Barker and Chang','Engineer: Biomedical');
INSERT INTO Employment (email,employer_name,job_title) VALUES ('admin03@gtonline.com','Lamb: Graham and Jefferson','Landscape Architect');
INSERT INTO Employment (email,employer_name,job_title) VALUES ('admin03@gtonline.com','Evans-Sutton','Producer: Television/Film/Video');
INSERT INTO Employment (email,employer_name,job_title) VALUES ('admin04@gtonline.com','Garcia Group','Broadcast Presenter');
INSERT INTO Employment (email,employer_name,job_title) VALUES ('admin04@gtonline.com','Larson-Tapia','Printmaker');

-- Inserting 21 UserInterests --
INSERT INTO UserInterest (email,interest) VALUES ('michael@bluthco.com','camping');
INSERT INTO UserInterest (email,interest) VALUES ('michael@bluthco.com','swimming');
INSERT INTO UserInterest (email,interest) VALUES ('michael@bluthco.com','movies');
INSERT INTO UserInterest (email,interest) VALUES ('michael@bluthco.com','listening to music');
INSERT INTO UserInterest (email,interest) VALUES ('rtaylor@gatech.edu','skiing');
INSERT INTO UserInterest (email,interest) VALUES ('rtaylor@gatech.edu','playing piano');
INSERT INTO UserInterest (email,interest) VALUES ('rtaylor@gatech.edu','riding lightrail');
INSERT INTO UserInterest (email,interest) VALUES ('rtaylor@gatech.edu','base jumping');
INSERT INTO UserInterest (email,interest) VALUES ('dwilliamson@gatech.edu','hunting');
INSERT INTO UserInterest (email,interest) VALUES ('dwilliamson@gatech.edu','reading');
INSERT INTO UserInterest (email,interest) VALUES ('dwilliamson@gatech.edu','cooking');
INSERT INTO UserInterest (email,interest) VALUES ('dwilliamson@gatech.edu','kayaking');
INSERT INTO UserInterest (email,interest) VALUES ('llopez@gatech.edu','collecting');
INSERT INTO UserInterest (email,interest) VALUES ('llopez@gatech.edu','wood working');
INSERT INTO UserInterest (email,interest) VALUES ('llopez@gatech.edu','automobiles');
INSERT INTO UserInterest (email,interest) VALUES ('llopez@gatech.edu','travel');
INSERT INTO UserInterest (email,interest) VALUES ('pestrada@gatech.edu','hiking');
INSERT INTO UserInterest (email,interest) VALUES ('pestrada@gatech.edu','bird watching');
INSERT INTO UserInterest (email,interest) VALUES ('pestrada@gatech.edu','theater');
INSERT INTO UserInterest (email,interest) VALUES ('pestrada@gatech.edu','photography');
INSERT INTO UserInterest (email,interest) VALUES ('rwalker@gatech.edu','art');
INSERT INTO UserInterest (email,interest) VALUES ('rwalker@gatech.edu','gardening');
INSERT INTO UserInterest (email,interest) VALUES ('rwalker@gatech.edu','billiards');
INSERT INTO UserInterest (email,interest) VALUES ('rwalker@gatech.edu','golf');
INSERT INTO UserInterest (email,interest) VALUES ('shenry@gatech.edu','classical music');
INSERT INTO UserInterest (email,interest) VALUES ('shenry@gatech.edu','gaming');
INSERT INTO UserInterest (email,interest) VALUES ('shenry@gatech.edu','football/soccer');
INSERT INTO UserInterest (email,interest) VALUES ('shenry@gatech.edu','volleyball');
INSERT INTO UserInterest (email,interest) VALUES ('tfox@gatech.edu','reading');
INSERT INTO UserInterest (email,interest) VALUES ('tfox@gatech.edu','wood working');
INSERT INTO UserInterest (email,interest) VALUES ('tfox@gatech.edu','hiking');
INSERT INTO UserInterest (email,interest) VALUES ('tfox@gatech.edu','skiing');
INSERT INTO UserInterest (email,interest) VALUES ('jflowers@gatech.edu','riding lightrail');
INSERT INTO UserInterest (email,interest) VALUES ('jflowers@gatech.edu','gaming');
INSERT INTO UserInterest (email,interest) VALUES ('jflowers@gatech.edu','camping');
INSERT INTO UserInterest (email,interest) VALUES ('jflowers@gatech.edu','volleyball');
INSERT INTO UserInterest (email,interest) VALUES ('braymond@gatech.edu','hunting');
INSERT INTO UserInterest (email,interest) VALUES ('braymond@gatech.edu','swimming');
INSERT INTO UserInterest (email,interest) VALUES ('braymond@gatech.edu','golf');
INSERT INTO UserInterest (email,interest) VALUES ('braymond@gatech.edu','travel');
INSERT INTO UserInterest (email,interest) VALUES ('jcarroll@gatech.edu','movies');
INSERT INTO UserInterest (email,interest) VALUES ('jcarroll@gatech.edu','billiards');
INSERT INTO UserInterest (email,interest) VALUES ('jcarroll@gatech.edu','kayaking');
INSERT INTO UserInterest (email,interest) VALUES ('jcarroll@gatech.edu','cooking');
INSERT INTO UserInterest (email,interest) VALUES ('jhernandez@gatech.edu','football/soccer');
INSERT INTO UserInterest (email,interest) VALUES ('jhernandez@gatech.edu','base jumping');
INSERT INTO UserInterest (email,interest) VALUES ('jhernandez@gatech.edu','theater');
INSERT INTO UserInterest (email,interest) VALUES ('jhernandez@gatech.edu','playing piano');
INSERT INTO UserInterest (email,interest) VALUES ('crogers@gatech.edu','automobiles');
INSERT INTO UserInterest (email,interest) VALUES ('crogers@gatech.edu','gardening');
INSERT INTO UserInterest (email,interest) VALUES ('crogers@gatech.edu','collecting');
INSERT INTO UserInterest (email,interest) VALUES ('crogers@gatech.edu','classical music');
INSERT INTO UserInterest (email,interest) VALUES ('efrank@gatech.edu','art');
INSERT INTO UserInterest (email,interest) VALUES ('efrank@gatech.edu','photography');
INSERT INTO UserInterest (email,interest) VALUES ('efrank@gatech.edu','bird watching');
INSERT INTO UserInterest (email,interest) VALUES ('efrank@gatech.edu','listening to music');
INSERT INTO UserInterest (email,interest) VALUES ('ahess@gatech.edu','gardening');
INSERT INTO UserInterest (email,interest) VALUES ('ahess@gatech.edu','listening to music');
INSERT INTO UserInterest (email,interest) VALUES ('ahess@gatech.edu','base jumping');
INSERT INTO UserInterest (email,interest) VALUES ('ahess@gatech.edu','collecting');
INSERT INTO UserInterest (email,interest) VALUES ('tjohnson@gatech.edu','camping');
INSERT INTO UserInterest (email,interest) VALUES ('tjohnson@gatech.edu','reading');
INSERT INTO UserInterest (email,interest) VALUES ('tjohnson@gatech.edu','bird watching');
INSERT INTO UserInterest (email,interest) VALUES ('tjohnson@gatech.edu','gaming');
INSERT INTO UserInterest (email,interest) VALUES ('cchavez@gatech.edu','classical music');
INSERT INTO UserInterest (email,interest) VALUES ('cchavez@gatech.edu','cooking');
INSERT INTO UserInterest (email,interest) VALUES ('cchavez@gatech.edu','kayaking');
INSERT INTO UserInterest (email,interest) VALUES ('cchavez@gatech.edu','automobiles');
INSERT INTO UserInterest (email,interest) VALUES ('admin01@gtonline.com','volleyball');
INSERT INTO UserInterest (email,interest) VALUES ('admin01@gtonline.com','theater');
INSERT INTO UserInterest (email,interest) VALUES ('admin01@gtonline.com','billiards');
INSERT INTO UserInterest (email,interest) VALUES ('admin01@gtonline.com','playing piano');
INSERT INTO UserInterest (email,interest) VALUES ('admin02@gtonline.com','hunting');
INSERT INTO UserInterest (email,interest) VALUES ('admin02@gtonline.com','travel');
INSERT INTO UserInterest (email,interest) VALUES ('admin02@gtonline.com','movies');
INSERT INTO UserInterest (email,interest) VALUES ('admin02@gtonline.com','swimming');
INSERT INTO UserInterest (email,interest) VALUES ('admin03@gtonline.com','skiing');
INSERT INTO UserInterest (email,interest) VALUES ('admin03@gtonline.com','golf');
INSERT INTO UserInterest (email,interest) VALUES ('admin03@gtonline.com','photography');
INSERT INTO UserInterest (email,interest) VALUES ('admin03@gtonline.com','football/soccer');
INSERT INTO UserInterest (email,interest) VALUES ('admin04@gtonline.com','art');
INSERT INTO UserInterest (email,interest) VALUES ('admin04@gtonline.com','wood working');
INSERT INTO UserInterest (email,interest) VALUES ('admin04@gtonline.com','hiking');
INSERT INTO UserInterest (email,interest) VALUES ('admin04@gtonline.com','riding lightrail');

-- Inserting 63 StatusUpdates --
INSERT INTO StatusUpdate (email,date_time,status_text) VALUES ('michael@bluthco.com',CONCAT(CURDATE()-INTERVAL 2 MONTH," 12:00:30"),'Mandatory hybrid capability');
INSERT INTO StatusUpdate (email,date_time,status_text) VALUES ('michael@bluthco.com',CONCAT(CURDATE()-INTERVAL 3 MONTH," 11:21:55"),'Team-oriented user-facing open architecture');
INSERT INTO StatusUpdate (email,date_time,status_text) VALUES ('michael@bluthco.com',CONCAT(CURDATE()-INTERVAL 4 MONTH," 16:50:22"),'Operative systematic collaboration');
INSERT INTO StatusUpdate (email,date_time,status_text) VALUES ('rtaylor@gatech.edu',CONCAT(CURDATE()-INTERVAL 2 MONTH," 12:00:30"),'Cross-group reciprocal Local Area Network');
INSERT INTO StatusUpdate (email,date_time,status_text) VALUES ('rtaylor@gatech.edu',CONCAT(CURDATE()-INTERVAL 3 MONTH," 11:21:55"),'Persevering 4thgeneration secured line');
INSERT INTO StatusUpdate (email,date_time,status_text) VALUES ('rtaylor@gatech.edu',CONCAT(CURDATE()-INTERVAL 4 MONTH," 16:50:22"),'Expanded homogeneous interface');
INSERT INTO StatusUpdate (email,date_time,status_text) VALUES ('dwilliamson@gatech.edu',CONCAT(CURDATE()-INTERVAL 2 MONTH," 12:00:30"),'Customizable reciprocal challenge');
INSERT INTO StatusUpdate (email,date_time,status_text) VALUES ('dwilliamson@gatech.edu',CONCAT(CURDATE()-INTERVAL 3 MONTH," 11:21:55"),'Centralized reciprocal core');
INSERT INTO StatusUpdate (email,date_time,status_text) VALUES ('dwilliamson@gatech.edu',CONCAT(CURDATE()-INTERVAL 4 MONTH," 16:50:22"),'Compatible responsive policy');
INSERT INTO StatusUpdate (email,date_time,status_text) VALUES ('llopez@gatech.edu',CONCAT(CURDATE()-INTERVAL 2 MONTH," 12:00:30"),'Multi-lateral fault-tolerant monitoring');
INSERT INTO StatusUpdate (email,date_time,status_text) VALUES ('llopez@gatech.edu',CONCAT(CURDATE()-INTERVAL 3 MONTH," 11:21:55"),'Horizontal multi-tasking circuit');
INSERT INTO StatusUpdate (email,date_time,status_text) VALUES ('llopez@gatech.edu',CONCAT(CURDATE()-INTERVAL 4 MONTH," 16:50:22"),'Reactive homogeneous matrices');
INSERT INTO StatusUpdate (email,date_time,status_text) VALUES ('pestrada@gatech.edu',CONCAT(CURDATE()-INTERVAL 2 MONTH," 12:00:30"),'Multi-layered user-facing throughput');
INSERT INTO StatusUpdate (email,date_time,status_text) VALUES ('pestrada@gatech.edu',CONCAT(CURDATE()-INTERVAL 3 MONTH," 11:21:55"),'Optional radical task-force');
INSERT INTO StatusUpdate (email,date_time,status_text) VALUES ('pestrada@gatech.edu',CONCAT(CURDATE()-INTERVAL 4 MONTH," 16:50:22"),'Upgradable client-driven orchestration');
INSERT INTO StatusUpdate (email,date_time,status_text) VALUES ('rwalker@gatech.edu',CONCAT(CURDATE()-INTERVAL 2 MONTH," 12:00:30"),'Universal explicit concept');
INSERT INTO StatusUpdate (email,date_time,status_text) VALUES ('rwalker@gatech.edu',CONCAT(CURDATE()-INTERVAL 3 MONTH," 11:21:55"),'Organic contextually-based process improvement');
INSERT INTO StatusUpdate (email,date_time,status_text) VALUES ('rwalker@gatech.edu',CONCAT(CURDATE()-INTERVAL 4 MONTH," 16:50:22"),'Profit-focused solution-oriented pricing structure');
INSERT INTO StatusUpdate (email,date_time,status_text) VALUES ('shenry@gatech.edu',CONCAT(CURDATE()-INTERVAL 2 MONTH," 12:00:30"),'Realigned context-sensitive infrastructure');
INSERT INTO StatusUpdate (email,date_time,status_text) VALUES ('shenry@gatech.edu',CONCAT(CURDATE()-INTERVAL 3 MONTH," 11:21:55"),'Ameliorated radical moratorium');
INSERT INTO StatusUpdate (email,date_time,status_text) VALUES ('shenry@gatech.edu',CONCAT(CURDATE()-INTERVAL 4 MONTH," 16:50:22"),'Total eco-centric protocol');
INSERT INTO StatusUpdate (email,date_time,status_text) VALUES ('tfox@gatech.edu',CONCAT(CURDATE()-INTERVAL 2 MONTH," 12:00:30"),'Reactive 3rdgeneration Graphic Interface');
INSERT INTO StatusUpdate (email,date_time,status_text) VALUES ('tfox@gatech.edu',CONCAT(CURDATE()-INTERVAL 3 MONTH," 11:21:55"),'Persistent eco-centric initiative');
INSERT INTO StatusUpdate (email,date_time,status_text) VALUES ('tfox@gatech.edu',CONCAT(CURDATE()-INTERVAL 4 MONTH," 16:50:22"),'Enterprise-wide zero-defect Internet solution');
INSERT INTO StatusUpdate (email,date_time,status_text) VALUES ('jflowers@gatech.edu',CONCAT(CURDATE()-INTERVAL 2 MONTH," 12:00:30"),'Open-architected bandwidth-monitored core');
INSERT INTO StatusUpdate (email,date_time,status_text) VALUES ('jflowers@gatech.edu',CONCAT(CURDATE()-INTERVAL 3 MONTH," 11:21:55"),'Monitored uniform functionalities');
INSERT INTO StatusUpdate (email,date_time,status_text) VALUES ('jflowers@gatech.edu',CONCAT(CURDATE()-INTERVAL 4 MONTH," 16:50:22"),'Mandatory regional framework');
INSERT INTO StatusUpdate (email,date_time,status_text) VALUES ('braymond@gatech.edu',CONCAT(CURDATE()-INTERVAL 2 MONTH," 12:00:30"),'Visionary exuding website');
INSERT INTO StatusUpdate (email,date_time,status_text) VALUES ('braymond@gatech.edu',CONCAT(CURDATE()-INTERVAL 3 MONTH," 11:21:55"),'Mandatory actuating open architecture');
INSERT INTO StatusUpdate (email,date_time,status_text) VALUES ('braymond@gatech.edu',CONCAT(CURDATE()-INTERVAL 4 MONTH," 16:50:22"),'Secured explicit leverage');
INSERT INTO StatusUpdate (email,date_time,status_text) VALUES ('jcarroll@gatech.edu',CONCAT(CURDATE()-INTERVAL 2 MONTH," 12:00:30"),'Adaptive encompassing artificial intelligence');
INSERT INTO StatusUpdate (email,date_time,status_text) VALUES ('jcarroll@gatech.edu',CONCAT(CURDATE()-INTERVAL 3 MONTH," 11:21:55"),'Persistent explicit artificial intelligence');
INSERT INTO StatusUpdate (email,date_time,status_text) VALUES ('jcarroll@gatech.edu',CONCAT(CURDATE()-INTERVAL 4 MONTH," 16:50:22"),'Robust object-oriented architecture');
INSERT INTO StatusUpdate (email,date_time,status_text) VALUES ('jhernandez@gatech.edu',CONCAT(CURDATE()-INTERVAL 2 MONTH," 12:00:30"),'Right-sized static hardware');
INSERT INTO StatusUpdate (email,date_time,status_text) VALUES ('jhernandez@gatech.edu',CONCAT(CURDATE()-INTERVAL 3 MONTH," 11:21:55"),'Persistent clear-thinking throughput');
INSERT INTO StatusUpdate (email,date_time,status_text) VALUES ('jhernandez@gatech.edu',CONCAT(CURDATE()-INTERVAL 4 MONTH," 16:50:22"),'Persevering motivating throughput');
INSERT INTO StatusUpdate (email,date_time,status_text) VALUES ('crogers@gatech.edu',CONCAT(CURDATE()-INTERVAL 2 MONTH," 12:00:30"),'Up-sized multi-tasking access');
INSERT INTO StatusUpdate (email,date_time,status_text) VALUES ('crogers@gatech.edu',CONCAT(CURDATE()-INTERVAL 3 MONTH," 11:21:55"),'Distributed eco-centric capability');
INSERT INTO StatusUpdate (email,date_time,status_text) VALUES ('crogers@gatech.edu',CONCAT(CURDATE()-INTERVAL 4 MONTH," 16:50:22"),'Seamless actuating projection');
INSERT INTO StatusUpdate (email,date_time,status_text) VALUES ('efrank@gatech.edu',CONCAT(CURDATE()-INTERVAL 2 MONTH," 12:00:30"),'Business-focused incremental benchmark');
INSERT INTO StatusUpdate (email,date_time,status_text) VALUES ('efrank@gatech.edu',CONCAT(CURDATE()-INTERVAL 3 MONTH," 11:21:55"),'Automated bottom-line ability');
INSERT INTO StatusUpdate (email,date_time,status_text) VALUES ('efrank@gatech.edu',CONCAT(CURDATE()-INTERVAL 4 MONTH," 16:50:22"),'Switchable static encryption');
INSERT INTO StatusUpdate (email,date_time,status_text) VALUES ('ahess@gatech.edu',CONCAT(CURDATE()-INTERVAL 2 MONTH," 12:00:30"),'De-engineered radical framework');
INSERT INTO StatusUpdate (email,date_time,status_text) VALUES ('ahess@gatech.edu',CONCAT(CURDATE()-INTERVAL 3 MONTH," 11:21:55"),'Self-enabling stable Graphic Interface');
INSERT INTO StatusUpdate (email,date_time,status_text) VALUES ('ahess@gatech.edu',CONCAT(CURDATE()-INTERVAL 4 MONTH," 16:50:22"),'Front-line optimizing core');
INSERT INTO StatusUpdate (email,date_time,status_text) VALUES ('tjohnson@gatech.edu',CONCAT(CURDATE()-INTERVAL 2 MONTH," 12:00:30"),'Organized radical adapter');
INSERT INTO StatusUpdate (email,date_time,status_text) VALUES ('tjohnson@gatech.edu',CONCAT(CURDATE()-INTERVAL 3 MONTH," 11:21:55"),'Pre-emptive scalable algorithm');
INSERT INTO StatusUpdate (email,date_time,status_text) VALUES ('tjohnson@gatech.edu',CONCAT(CURDATE()-INTERVAL 4 MONTH," 16:50:22"),'User-friendly logistical artificial intelligence');
INSERT INTO StatusUpdate (email,date_time,status_text) VALUES ('cchavez@gatech.edu',CONCAT(CURDATE()-INTERVAL 2 MONTH," 12:00:30"),'Cross-group contextually-based groupware');
INSERT INTO StatusUpdate (email,date_time,status_text) VALUES ('cchavez@gatech.edu',CONCAT(CURDATE()-INTERVAL 3 MONTH," 11:21:55"),'Cloned next generation process improvement');
INSERT INTO StatusUpdate (email,date_time,status_text) VALUES ('cchavez@gatech.edu',CONCAT(CURDATE()-INTERVAL 4 MONTH," 16:50:22"),'Customer-focused cohesive functionalities');
INSERT INTO StatusUpdate (email,date_time,status_text) VALUES ('admin01@gtonline.com',CONCAT(CURDATE()-INTERVAL 2 MONTH," 12:00:30"),'Universal explicit monitoring');
INSERT INTO StatusUpdate (email,date_time,status_text) VALUES ('admin01@gtonline.com',CONCAT(CURDATE()-INTERVAL 3 MONTH," 11:21:55"),'Organic 6thgeneration database');
INSERT INTO StatusUpdate (email,date_time,status_text) VALUES ('admin01@gtonline.com',CONCAT(CURDATE()-INTERVAL 4 MONTH," 16:50:22"),'Self-enabling holistic knowledgebase');
INSERT INTO StatusUpdate (email,date_time,status_text) VALUES ('admin02@gtonline.com',CONCAT(CURDATE()-INTERVAL 2 MONTH," 12:00:30"),'Grass-roots regional superstructure');
INSERT INTO StatusUpdate (email,date_time,status_text) VALUES ('admin02@gtonline.com',CONCAT(CURDATE()-INTERVAL 3 MONTH," 11:21:55"),'Business-focused mission-critical website');
INSERT INTO StatusUpdate (email,date_time,status_text) VALUES ('admin02@gtonline.com',CONCAT(CURDATE()-INTERVAL 4 MONTH," 16:50:22"),'Digitized global interface');
INSERT INTO StatusUpdate (email,date_time,status_text) VALUES ('admin03@gtonline.com',CONCAT(CURDATE()-INTERVAL 2 MONTH," 12:00:30"),'Organized heuristic policy');
INSERT INTO StatusUpdate (email,date_time,status_text) VALUES ('admin03@gtonline.com',CONCAT(CURDATE()-INTERVAL 3 MONTH," 11:21:55"),'Multi-lateral directional policy');
INSERT INTO StatusUpdate (email,date_time,status_text) VALUES ('admin03@gtonline.com',CONCAT(CURDATE()-INTERVAL 4 MONTH," 16:50:22"),'Ameliorated bifurcated methodology');
INSERT INTO StatusUpdate (email,date_time,status_text) VALUES ('admin04@gtonline.com',CONCAT(CURDATE()-INTERVAL 2 MONTH," 12:00:30"),'Proactive next generation definition');
INSERT INTO StatusUpdate (email,date_time,status_text) VALUES ('admin04@gtonline.com',CONCAT(CURDATE()-INTERVAL 3 MONTH," 11:21:55"),'Multi-tiered static task-force');
INSERT INTO StatusUpdate (email,date_time,status_text) VALUES ('admin04@gtonline.com',CONCAT(CURDATE()-INTERVAL 4 MONTH," 16:50:22"),'Function-based contextually-based Graphic Interface');

-- Inserting 42 Comments --
INSERT INTO Comment (email,date_time,comment_text,su_email,su_date_time) VALUES ('michael@bluthco.com',CONCAT(NOW()-INTERVAL 4 DAY),'Compatible bi-directional portal','crogers@gatech.edu',CONCAT(CURDATE()-INTERVAL 2 MONTH," 12:00:30"));
INSERT INTO Comment (email,date_time,comment_text,su_email,su_date_time) VALUES ('michael@bluthco.com',CONCAT(NOW()-INTERVAL 18 DAY),'Future-proofed cohesive hardware','dwilliamson@gatech.edu',CONCAT(CURDATE()-INTERVAL 4 MONTH," 16:50:22"));
INSERT INTO Comment (email,date_time,comment_text,su_email,su_date_time) VALUES ('rtaylor@gatech.edu',CONCAT(NOW()-INTERVAL 2 DAY),'Advanced zero administration pricing structure','ahess@gatech.edu',CONCAT(CURDATE()-INTERVAL 4 MONTH," 16:50:22"));
INSERT INTO Comment (email,date_time,comment_text,su_email,su_date_time) VALUES ('rtaylor@gatech.edu',CONCAT(NOW()-INTERVAL 7 DAY),'Networked zero tolerance flexibility','rtaylor@gatech.edu',CONCAT(CURDATE()-INTERVAL 2 MONTH," 12:00:30"));
INSERT INTO Comment (email,date_time,comment_text,su_email,su_date_time) VALUES ('dwilliamson@gatech.edu',CONCAT(NOW()-INTERVAL 6 DAY),'Grass-roots national functionalities','admin03@gtonline.com',CONCAT(CURDATE()-INTERVAL 4 MONTH," 16:50:22"));
INSERT INTO Comment (email,date_time,comment_text,su_email,su_date_time) VALUES ('dwilliamson@gatech.edu',CONCAT(NOW()-INTERVAL 3 DAY),'User-centric even-keeled focus group','shenry@gatech.edu',CONCAT(CURDATE()-INTERVAL 3 MONTH," 11:21:55"));
INSERT INTO Comment (email,date_time,comment_text,su_email,su_date_time) VALUES ('llopez@gatech.edu',CONCAT(NOW()-INTERVAL 2 DAY),'Multi-channeled neutral product','admin04@gtonline.com',CONCAT(CURDATE()-INTERVAL 3 MONTH," 11:21:55"));
INSERT INTO Comment (email,date_time,comment_text,su_email,su_date_time) VALUES ('llopez@gatech.edu',CONCAT(NOW()-INTERVAL 25 DAY),'Fundamental full-range infrastructure','jcarroll@gatech.edu',CONCAT(CURDATE()-INTERVAL 2 MONTH," 12:00:30"));
INSERT INTO Comment (email,date_time,comment_text,su_email,su_date_time) VALUES ('pestrada@gatech.edu',CONCAT(NOW()-INTERVAL 13 DAY),'Triple-buffered multi-tasking focus group','rwalker@gatech.edu',CONCAT(CURDATE()-INTERVAL 2 MONTH," 12:00:30"));
INSERT INTO Comment (email,date_time,comment_text,su_email,su_date_time) VALUES ('pestrada@gatech.edu',CONCAT(NOW()-INTERVAL 11 DAY),'Cross-platform scalable adapter','pestrada@gatech.edu',CONCAT(CURDATE()-INTERVAL 3 MONTH," 11:21:55"));
INSERT INTO Comment (email,date_time,comment_text,su_email,su_date_time) VALUES ('rwalker@gatech.edu',CONCAT(NOW()-INTERVAL 26 DAY),'Customer-focused optimizing archive','braymond@gatech.edu',CONCAT(CURDATE()-INTERVAL 4 MONTH," 16:50:22"));
INSERT INTO Comment (email,date_time,comment_text,su_email,su_date_time) VALUES ('rwalker@gatech.edu',CONCAT(NOW()-INTERVAL 14 DAY),'Multi-tiered mobile benchmark','efrank@gatech.edu',CONCAT(CURDATE()-INTERVAL 2 MONTH," 12:00:30"));
INSERT INTO Comment (email,date_time,comment_text,su_email,su_date_time) VALUES ('shenry@gatech.edu',CONCAT(NOW()-INTERVAL 14 DAY),'Centralized intangible contingency','admin02@gtonline.com',CONCAT(CURDATE()-INTERVAL 3 MONTH," 11:21:55"));
INSERT INTO Comment (email,date_time,comment_text,su_email,su_date_time) VALUES ('shenry@gatech.edu',CONCAT(NOW()-INTERVAL 10 DAY),'Seamless didactic access','jflowers@gatech.edu',CONCAT(CURDATE()-INTERVAL 4 MONTH," 16:50:22"));
INSERT INTO Comment (email,date_time,comment_text,su_email,su_date_time) VALUES ('tfox@gatech.edu',CONCAT(NOW()-INTERVAL 2 DAY),'Optimized executive secured line','admin01@gtonline.com',CONCAT(CURDATE()-INTERVAL 3 MONTH," 11:21:55"));
INSERT INTO Comment (email,date_time,comment_text,su_email,su_date_time) VALUES ('tfox@gatech.edu',CONCAT(NOW()-INTERVAL 6 DAY),'Implemented responsive customer loyalty','michael@bluthco.com',CONCAT(CURDATE()-INTERVAL 2 MONTH," 12:00:30"));
INSERT INTO Comment (email,date_time,comment_text,su_email,su_date_time) VALUES ('jflowers@gatech.edu',CONCAT(NOW()-INTERVAL 11 DAY),'Organic full-range projection','cchavez@gatech.edu',CONCAT(CURDATE()-INTERVAL 4 MONTH," 16:50:22"));
INSERT INTO Comment (email,date_time,comment_text,su_email,su_date_time) VALUES ('jflowers@gatech.edu',CONCAT(NOW()-INTERVAL 18 DAY),'Customizable analyzing toolset','jhernandez@gatech.edu',CONCAT(CURDATE()-INTERVAL 2 MONTH," 12:00:30"));
INSERT INTO Comment (email,date_time,comment_text,su_email,su_date_time) VALUES ('braymond@gatech.edu',CONCAT(NOW()-INTERVAL 22 DAY),'Open-architected bottom-line leverage','llopez@gatech.edu',CONCAT(CURDATE()-INTERVAL 3 MONTH," 11:21:55"));
INSERT INTO Comment (email,date_time,comment_text,su_email,su_date_time) VALUES ('braymond@gatech.edu',CONCAT(NOW()-INTERVAL 2 DAY),'Phased executive forecast','tjohnson@gatech.edu',CONCAT(CURDATE()-INTERVAL 3 MONTH," 11:21:55"));
INSERT INTO Comment (email,date_time,comment_text,su_email,su_date_time) VALUES ('jcarroll@gatech.edu',CONCAT(NOW()-INTERVAL 16 DAY),'Reverse-engineered hybrid circuit','tfox@gatech.edu',CONCAT(CURDATE()-INTERVAL 2 MONTH," 12:00:30"));
INSERT INTO Comment (email,date_time,comment_text,su_email,su_date_time) VALUES ('jcarroll@gatech.edu',CONCAT(NOW()-INTERVAL 7 DAY),'Re-engineered asymmetric superstructure','admin03@gtonline.com',CONCAT(CURDATE()-INTERVAL 2 MONTH," 12:00:30"));
INSERT INTO Comment (email,date_time,comment_text,su_email,su_date_time) VALUES ('jhernandez@gatech.edu',CONCAT(NOW()-INTERVAL 2 DAY),'Focused incremental archive','rwalker@gatech.edu',CONCAT(CURDATE()-INTERVAL 3 MONTH," 11:21:55"));
INSERT INTO Comment (email,date_time,comment_text,su_email,su_date_time) VALUES ('jhernandez@gatech.edu',CONCAT(NOW()-INTERVAL 20 DAY),'Configurable tangible superstructure','llopez@gatech.edu',CONCAT(CURDATE()-INTERVAL 4 MONTH," 16:50:22"));
INSERT INTO Comment (email,date_time,comment_text,su_email,su_date_time) VALUES ('crogers@gatech.edu',CONCAT(NOW()-INTERVAL 7 DAY),'Quality-focused high-level projection','rtaylor@gatech.edu',CONCAT(CURDATE()-INTERVAL 3 MONTH," 11:21:55"));
INSERT INTO Comment (email,date_time,comment_text,su_email,su_date_time) VALUES ('crogers@gatech.edu',CONCAT(NOW()-INTERVAL 9 DAY),'Multi-layered full-range model','shenry@gatech.edu',CONCAT(CURDATE()-INTERVAL 3 MONTH," 11:21:55"));
INSERT INTO Comment (email,date_time,comment_text,su_email,su_date_time) VALUES ('efrank@gatech.edu',CONCAT(NOW()-INTERVAL 11 DAY),'Up-sized holistic success','admin02@gtonline.com',CONCAT(CURDATE()-INTERVAL 4 MONTH," 16:50:22"));
INSERT INTO Comment (email,date_time,comment_text,su_email,su_date_time) VALUES ('efrank@gatech.edu',CONCAT(NOW()-INTERVAL 6 DAY),'Team-oriented bottom-line throughput','dwilliamson@gatech.edu',CONCAT(CURDATE()-INTERVAL 3 MONTH," 11:21:55"));
INSERT INTO Comment (email,date_time,comment_text,su_email,su_date_time) VALUES ('ahess@gatech.edu',CONCAT(NOW()-INTERVAL 11 DAY),'Self-enabling needs-based implementation','braymond@gatech.edu',CONCAT(CURDATE()-INTERVAL 2 MONTH," 12:00:30"));
INSERT INTO Comment (email,date_time,comment_text,su_email,su_date_time) VALUES ('ahess@gatech.edu',CONCAT(NOW()-INTERVAL 22 DAY),'Devolved mission-critical application','michael@bluthco.com',CONCAT(CURDATE()-INTERVAL 4 MONTH," 16:50:22"));
INSERT INTO Comment (email,date_time,comment_text,su_email,su_date_time) VALUES ('tjohnson@gatech.edu',CONCAT(NOW()-INTERVAL 5 DAY),'Innovative directional success','admin01@gtonline.com',CONCAT(CURDATE()-INTERVAL 2 MONTH," 12:00:30"));
INSERT INTO Comment (email,date_time,comment_text,su_email,su_date_time) VALUES ('tjohnson@gatech.edu',CONCAT(NOW()-INTERVAL 28 DAY),'Horizontal solution-oriented framework','efrank@gatech.edu',CONCAT(CURDATE()-INTERVAL 2 MONTH," 12:00:30"));
INSERT INTO Comment (email,date_time,comment_text,su_email,su_date_time) VALUES ('cchavez@gatech.edu',CONCAT(NOW()-INTERVAL 27 DAY),'Exclusive global knowledge user','pestrada@gatech.edu',CONCAT(CURDATE()-INTERVAL 4 MONTH," 16:50:22"));
INSERT INTO Comment (email,date_time,comment_text,su_email,su_date_time) VALUES ('cchavez@gatech.edu',CONCAT(NOW()-INTERVAL 14 DAY),'Fully-configurable well-modulated Local Area Network','admin04@gtonline.com',CONCAT(CURDATE()-INTERVAL 2 MONTH," 12:00:30"));
INSERT INTO Comment (email,date_time,comment_text,su_email,su_date_time) VALUES ('admin01@gtonline.com',CONCAT(NOW()-INTERVAL 8 DAY),'Triple-buffered non-volatile groupware','jhernandez@gatech.edu',CONCAT(CURDATE()-INTERVAL 3 MONTH," 11:21:55"));
INSERT INTO Comment (email,date_time,comment_text,su_email,su_date_time) VALUES ('admin01@gtonline.com',CONCAT(NOW()-INTERVAL 16 DAY),'Multi-tiered object-oriented project','crogers@gatech.edu',CONCAT(CURDATE()-INTERVAL 3 MONTH," 11:21:55"));
INSERT INTO Comment (email,date_time,comment_text,su_email,su_date_time) VALUES ('admin02@gtonline.com',CONCAT(NOW()-INTERVAL 10 DAY),'Profit-focused context-sensitive project','jflowers@gatech.edu',CONCAT(CURDATE()-INTERVAL 2 MONTH," 12:00:30"));
INSERT INTO Comment (email,date_time,comment_text,su_email,su_date_time) VALUES ('admin02@gtonline.com',CONCAT(NOW()-INTERVAL 13 DAY),'Universal exuding throughput','tjohnson@gatech.edu',CONCAT(CURDATE()-INTERVAL 3 MONTH," 11:21:55"));
INSERT INTO Comment (email,date_time,comment_text,su_email,su_date_time) VALUES ('admin03@gtonline.com',CONCAT(NOW()-INTERVAL 11 DAY),'Seamless dynamic migration','tfox@gatech.edu',CONCAT(CURDATE()-INTERVAL 4 MONTH," 16:50:22"));
INSERT INTO Comment (email,date_time,comment_text,su_email,su_date_time) VALUES ('admin03@gtonline.com',CONCAT(NOW()-INTERVAL 3 DAY),'Extended responsive adapter','ahess@gatech.edu',CONCAT(CURDATE()-INTERVAL 2 MONTH," 12:00:30"));
INSERT INTO Comment (email,date_time,comment_text,su_email,su_date_time) VALUES ('admin04@gtonline.com',CONCAT(NOW()-INTERVAL 9 DAY),'Integrated homogeneous adapter','cchavez@gatech.edu',CONCAT(CURDATE()-INTERVAL 4 MONTH," 16:50:22"));
INSERT INTO Comment (email,date_time,comment_text,su_email,su_date_time) VALUES ('admin04@gtonline.com',CONCAT(NOW()-INTERVAL 3 DAY),'Streamlined zero tolerance archive','jcarroll@gatech.edu',CONCAT(CURDATE()-INTERVAL 2 MONTH," 12:00:30"));

-- Inserting 63 Friendships --
INSERT INTO Friendship (email,friend_email,relationship,date_connected) VALUES ('michael@bluthco.com','cchavez@gatech.edu','Child',NULL);
INSERT INTO Friendship (email,friend_email,relationship,date_connected) VALUES ('michael@bluthco.com','jflowers@gatech.edu','Sibling',CONCAT(CURDATE()-INTERVAL 24 MONTH));
INSERT INTO Friendship (email,friend_email,relationship,date_connected) VALUES ('michael@bluthco.com','dwilliamson@gatech.edu','Facebook',NULL);
INSERT INTO Friendship (email,friend_email,relationship,date_connected) VALUES ('michael@bluthco.com','admin04@gtonline.com','Coworker',CONCAT(CURDATE()-INTERVAL 19 WEEK));
INSERT INTO Friendship (email,friend_email,relationship,date_connected) VALUES ('michael@bluthco.com','admin01@gtonline.com','Peer',NULL);
INSERT INTO Friendship (email,friend_email,relationship,date_connected) VALUES ('michael@bluthco.com','tfox@gatech.edu','Parent',CONCAT(CURDATE()-INTERVAL 11 WEEK));
INSERT INTO Friendship (email,friend_email,relationship,date_connected) VALUES ('rtaylor@gatech.edu','braymond@gatech.edu','Partner',NULL);
INSERT INTO Friendship (email,friend_email,relationship,date_connected) VALUES ('rtaylor@gatech.edu','ahess@gatech.edu','Grandchild',CONCAT(CURDATE()-INTERVAL 20 WEEK));
INSERT INTO Friendship (email,friend_email,relationship,date_connected) VALUES ('rtaylor@gatech.edu','rwalker@gatech.edu','LinkedIn',NULL);
INSERT INTO Friendship (email,friend_email,relationship,date_connected) VALUES ('rtaylor@gatech.edu','pestrada@gatech.edu','Facebook',CONCAT(CURDATE()-INTERVAL 4 YEAR));
INSERT INTO Friendship (email,friend_email,relationship,date_connected) VALUES ('rtaylor@gatech.edu','tjohnson@gatech.edu','Sweetheart',NULL);
INSERT INTO Friendship (email,friend_email,relationship,date_connected) VALUES ('rtaylor@gatech.edu','llopez@gatech.edu','Colleague',CONCAT(CURDATE()-INTERVAL 26 YEAR));
INSERT INTO Friendship (email,friend_email,relationship,date_connected) VALUES ('dwilliamson@gatech.edu','michael@bluthco.com','Grandchild',NULL);
INSERT INTO Friendship (email,friend_email,relationship,date_connected) VALUES ('dwilliamson@gatech.edu','efrank@gatech.edu','Facebook',CONCAT(CURDATE()-INTERVAL 7 YEAR));
INSERT INTO Friendship (email,friend_email,relationship,date_connected) VALUES ('dwilliamson@gatech.edu','admin03@gtonline.com','Facebook',NULL);
INSERT INTO Friendship (email,friend_email,relationship,date_connected) VALUES ('dwilliamson@gatech.edu','jhernandez@gatech.edu','Significant Other',CONCAT(CURDATE()-INTERVAL 22 MONTH));
INSERT INTO Friendship (email,friend_email,relationship,date_connected) VALUES ('dwilliamson@gatech.edu','admin02@gtonline.com','Mentor',NULL);
INSERT INTO Friendship (email,friend_email,relationship,date_connected) VALUES ('dwilliamson@gatech.edu','crogers@gatech.edu','Sweetheart',CONCAT(CURDATE()-INTERVAL 14 MONTH));
INSERT INTO Friendship (email,friend_email,relationship,date_connected) VALUES ('llopez@gatech.edu','shenry@gatech.edu','Mentor',NULL);
INSERT INTO Friendship (email,friend_email,relationship,date_connected) VALUES ('llopez@gatech.edu','jcarroll@gatech.edu','Parent',CONCAT(CURDATE()-INTERVAL 20 YEAR));
INSERT INTO Friendship (email,friend_email,relationship,date_connected) VALUES ('llopez@gatech.edu','rtaylor@gatech.edu','LinkedIn',NULL);
INSERT INTO Friendship (email,friend_email,relationship,date_connected) VALUES ('llopez@gatech.edu','crogers@gatech.edu','Bestie',CONCAT(CURDATE()-INTERVAL 28 MONTH));
INSERT INTO Friendship (email,friend_email,relationship,date_connected) VALUES ('llopez@gatech.edu','admin04@gtonline.com','Bestie',NULL);
INSERT INTO Friendship (email,friend_email,relationship,date_connected) VALUES ('llopez@gatech.edu','dwilliamson@gatech.edu','Partner',CONCAT(CURDATE()-INTERVAL 7 YEAR));
INSERT INTO Friendship (email,friend_email,relationship,date_connected) VALUES ('pestrada@gatech.edu','rtaylor@gatech.edu','Cousin',NULL);
INSERT INTO Friendship (email,friend_email,relationship,date_connected) VALUES ('pestrada@gatech.edu','rwalker@gatech.edu','Sibling',CONCAT(CURDATE()-INTERVAL 21 MONTH));
INSERT INTO Friendship (email,friend_email,relationship,date_connected) VALUES ('pestrada@gatech.edu','ahess@gatech.edu','Significant Other',NULL);
INSERT INTO Friendship (email,friend_email,relationship,date_connected) VALUES ('pestrada@gatech.edu','llopez@gatech.edu','Mentor',CONCAT(CURDATE()-INTERVAL 16 YEAR));
INSERT INTO Friendship (email,friend_email,relationship,date_connected) VALUES ('pestrada@gatech.edu','michael@bluthco.com','Sweetheart',NULL);
INSERT INTO Friendship (email,friend_email,relationship,date_connected) VALUES ('pestrada@gatech.edu','jhernandez@gatech.edu','Sibling',CONCAT(CURDATE()-INTERVAL 11 MONTH));
INSERT INTO Friendship (email,friend_email,relationship,date_connected) VALUES ('rwalker@gatech.edu','jcarroll@gatech.edu','Child',NULL);
INSERT INTO Friendship (email,friend_email,relationship,date_connected) VALUES ('rwalker@gatech.edu','admin03@gtonline.com','LinkedIn',CONCAT(CURDATE()-INTERVAL 27 MONTH));
INSERT INTO Friendship (email,friend_email,relationship,date_connected) VALUES ('rwalker@gatech.edu','cchavez@gatech.edu','Mentor',NULL);
INSERT INTO Friendship (email,friend_email,relationship,date_connected) VALUES ('rwalker@gatech.edu','tfox@gatech.edu','Bestie',CONCAT(CURDATE()-INTERVAL 15 MONTH));
INSERT INTO Friendship (email,friend_email,relationship,date_connected) VALUES ('rwalker@gatech.edu','tjohnson@gatech.edu','Partner',NULL);
INSERT INTO Friendship (email,friend_email,relationship,date_connected) VALUES ('rwalker@gatech.edu','shenry@gatech.edu','Cousin',CONCAT(CURDATE()-INTERVAL 13 YEAR));
INSERT INTO Friendship (email,friend_email,relationship,date_connected) VALUES ('shenry@gatech.edu','jflowers@gatech.edu','Mentor',NULL);
INSERT INTO Friendship (email,friend_email,relationship,date_connected) VALUES ('shenry@gatech.edu','admin01@gtonline.com','Parent',CONCAT(CURDATE()-INTERVAL 24 MONTH));
INSERT INTO Friendship (email,friend_email,relationship,date_connected) VALUES ('shenry@gatech.edu','braymond@gatech.edu','Significant Other',NULL);
INSERT INTO Friendship (email,friend_email,relationship,date_connected) VALUES ('shenry@gatech.edu','pestrada@gatech.edu','Facebook',CONCAT(CURDATE()-INTERVAL 12 WEEK));
INSERT INTO Friendship (email,friend_email,relationship,date_connected) VALUES ('shenry@gatech.edu','efrank@gatech.edu','Significant Other',NULL);
INSERT INTO Friendship (email,friend_email,relationship,date_connected) VALUES ('shenry@gatech.edu','admin02@gtonline.com','Partner',CONCAT(CURDATE()-INTERVAL 11 YEAR));
INSERT INTO Friendship (email,friend_email,relationship,date_connected) VALUES ('tfox@gatech.edu','shenry@gatech.edu','Mentor',NULL);
INSERT INTO Friendship (email,friend_email,relationship,date_connected) VALUES ('tfox@gatech.edu','crogers@gatech.edu','Significant Other',CONCAT(CURDATE()-INTERVAL 28 MONTH));
INSERT INTO Friendship (email,friend_email,relationship,date_connected) VALUES ('tfox@gatech.edu','dwilliamson@gatech.edu','Coworker',NULL);
INSERT INTO Friendship (email,friend_email,relationship,date_connected) VALUES ('tfox@gatech.edu','michael@bluthco.com','Coworker',CONCAT(CURDATE()-INTERVAL 14 YEAR));
INSERT INTO Friendship (email,friend_email,relationship,date_connected) VALUES ('tfox@gatech.edu','jflowers@gatech.edu','Parent',NULL);
INSERT INTO Friendship (email,friend_email,relationship,date_connected) VALUES ('tfox@gatech.edu','rtaylor@gatech.edu','Cousin',CONCAT(CURDATE()-INTERVAL 21 WEEK));
INSERT INTO Friendship (email,friend_email,relationship,date_connected) VALUES ('jflowers@gatech.edu','llopez@gatech.edu','Peer',NULL);
INSERT INTO Friendship (email,friend_email,relationship,date_connected) VALUES ('jflowers@gatech.edu','efrank@gatech.edu','Colleague',CONCAT(CURDATE()-INTERVAL 13 WEEK));
INSERT INTO Friendship (email,friend_email,relationship,date_connected) VALUES ('jflowers@gatech.edu','jhernandez@gatech.edu','Coworker',NULL);
INSERT INTO Friendship (email,friend_email,relationship,date_connected) VALUES ('jflowers@gatech.edu','cchavez@gatech.edu','Coworker',CONCAT(CURDATE()-INTERVAL 24 YEAR));
INSERT INTO Friendship (email,friend_email,relationship,date_connected) VALUES ('jflowers@gatech.edu','admin03@gtonline.com','Facebook',NULL);
INSERT INTO Friendship (email,friend_email,relationship,date_connected) VALUES ('jflowers@gatech.edu','pestrada@gatech.edu','Cousin',CONCAT(CURDATE()-INTERVAL 13 YEAR));
INSERT INTO Friendship (email,friend_email,relationship,date_connected) VALUES ('braymond@gatech.edu','admin01@gtonline.com','Coworker',NULL);
INSERT INTO Friendship (email,friend_email,relationship,date_connected) VALUES ('braymond@gatech.edu','jcarroll@gatech.edu','Sweetheart',CONCAT(CURDATE()-INTERVAL 15 WEEK));
INSERT INTO Friendship (email,friend_email,relationship,date_connected) VALUES ('braymond@gatech.edu','ahess@gatech.edu','LinkedIn',NULL);
INSERT INTO Friendship (email,friend_email,relationship,date_connected) VALUES ('braymond@gatech.edu','rwalker@gatech.edu','Peer',CONCAT(CURDATE()-INTERVAL 6 WEEK));
INSERT INTO Friendship (email,friend_email,relationship,date_connected) VALUES ('braymond@gatech.edu','admin04@gtonline.com','Parent',CONCAT(CURDATE()-INTERVAL 25 YEAR));
INSERT INTO Friendship (email,friend_email,relationship,date_connected) VALUES ('jcarroll@gatech.edu','braymond@gatech.edu','Sibling',NULL);
INSERT INTO Friendship (email,friend_email,relationship,date_connected) VALUES ('jcarroll@gatech.edu','admin02@gtonline.com','Partner',CONCAT(CURDATE()-INTERVAL 11 MONTH));
INSERT INTO Friendship (email,friend_email,relationship,date_connected) VALUES ('jcarroll@gatech.edu','tfox@gatech.edu','Mentor',NULL);
INSERT INTO Friendship (email,friend_email,relationship,date_connected) VALUES ('jcarroll@gatech.edu','tjohnson@gatech.edu','LinkedIn',CONCAT(CURDATE()-INTERVAL 15 MONTH));
INSERT INTO Friendship (email,friend_email,relationship,date_connected) VALUES ('jcarroll@gatech.edu','jhernandez@gatech.edu','LinkedIn',NULL);
INSERT INTO Friendship (email,friend_email,relationship,date_connected) VALUES ('jcarroll@gatech.edu','michael@bluthco.com','Cousin',CONCAT(CURDATE()-INTERVAL 1 MONTH));
INSERT INTO Friendship (email,friend_email,relationship,date_connected) VALUES ('jhernandez@gatech.edu','dwilliamson@gatech.edu','Parent',NULL);
INSERT INTO Friendship (email,friend_email,relationship,date_connected) VALUES ('jhernandez@gatech.edu','admin02@gtonline.com','LinkedIn',CONCAT(CURDATE()-INTERVAL 24 YEAR));
INSERT INTO Friendship (email,friend_email,relationship,date_connected) VALUES ('jhernandez@gatech.edu','efrank@gatech.edu','Facebook',NULL);
INSERT INTO Friendship (email,friend_email,relationship,date_connected) VALUES ('jhernandez@gatech.edu','rtaylor@gatech.edu','Coworker',CONCAT(CURDATE()-INTERVAL 2 YEAR));
INSERT INTO Friendship (email,friend_email,relationship,date_connected) VALUES ('jhernandez@gatech.edu','tfox@gatech.edu','Significant Other',NULL);
INSERT INTO Friendship (email,friend_email,relationship,date_connected) VALUES ('jhernandez@gatech.edu','admin03@gtonline.com','LinkedIn',CONCAT(CURDATE()-INTERVAL 1 WEEK));
INSERT INTO Friendship (email,friend_email,relationship,date_connected) VALUES ('crogers@gatech.edu','shenry@gatech.edu','Bestie',NULL);
INSERT INTO Friendship (email,friend_email,relationship,date_connected) VALUES ('crogers@gatech.edu','cchavez@gatech.edu','Sibling',CONCAT(CURDATE()-INTERVAL 14 MONTH));
INSERT INTO Friendship (email,friend_email,relationship,date_connected) VALUES ('crogers@gatech.edu','admin01@gtonline.com','Child',CONCAT(CURDATE()-INTERVAL 25 MONTH));
INSERT INTO Friendship (email,friend_email,relationship,date_connected) VALUES ('crogers@gatech.edu','tjohnson@gatech.edu','Facebook',NULL);
INSERT INTO Friendship (email,friend_email,relationship,date_connected) VALUES ('efrank@gatech.edu','admin04@gtonline.com','Child',NULL);
INSERT INTO Friendship (email,friend_email,relationship,date_connected) VALUES ('efrank@gatech.edu','jflowers@gatech.edu','Grandchild',CONCAT(CURDATE()-INTERVAL 10 MONTH));
INSERT INTO Friendship (email,friend_email,relationship,date_connected) VALUES ('efrank@gatech.edu','llopez@gatech.edu','Colleague',NULL);
INSERT INTO Friendship (email,friend_email,relationship,date_connected) VALUES ('efrank@gatech.edu','ahess@gatech.edu','Partner',CONCAT(CURDATE()-INTERVAL 7 WEEK));
INSERT INTO Friendship (email,friend_email,relationship,date_connected) VALUES ('efrank@gatech.edu','crogers@gatech.edu','Sweetheart',NULL);
INSERT INTO Friendship (email,friend_email,relationship,date_connected) VALUES ('efrank@gatech.edu','pestrada@gatech.edu','Significant Other',CONCAT(CURDATE()-INTERVAL 16 WEEK));
INSERT INTO Friendship (email,friend_email,relationship,date_connected) VALUES ('ahess@gatech.edu','jcarroll@gatech.edu','LinkedIn',NULL);
INSERT INTO Friendship (email,friend_email,relationship,date_connected) VALUES ('ahess@gatech.edu','braymond@gatech.edu','Peer',CONCAT(CURDATE()-INTERVAL 28 MONTH));
INSERT INTO Friendship (email,friend_email,relationship,date_connected) VALUES ('ahess@gatech.edu','rwalker@gatech.edu','Mentor',NULL);
INSERT INTO Friendship (email,friend_email,relationship,date_connected) VALUES ('ahess@gatech.edu','braymond@gatech.edu','Bestie',CONCAT(CURDATE()-INTERVAL 18 YEAR));
INSERT INTO Friendship (email,friend_email,relationship,date_connected) VALUES ('ahess@gatech.edu','tfox@gatech.edu','Colleague',NULL);
INSERT INTO Friendship (email,friend_email,relationship,date_connected) VALUES ('ahess@gatech.edu','tjohnson@gatech.edu','Significant Other',CONCAT(CURDATE()-INTERVAL 20 MONTH));
INSERT INTO Friendship (email,friend_email,relationship,date_connected) VALUES ('tjohnson@gatech.edu','llopez@gatech.edu','Child',NULL);
INSERT INTO Friendship (email,friend_email,relationship,date_connected) VALUES ('tjohnson@gatech.edu','cchavez@gatech.edu','Colleague',CONCAT(CURDATE()-INTERVAL 4 MONTH));
INSERT INTO Friendship (email,friend_email,relationship,date_connected) VALUES ('tjohnson@gatech.edu','efrank@gatech.edu','Partner',NULL);
INSERT INTO Friendship (email,friend_email,relationship,date_connected) VALUES ('tjohnson@gatech.edu','admin03@gtonline.com','Grandchild',CONCAT(CURDATE()-INTERVAL 8 WEEK));
INSERT INTO Friendship (email,friend_email,relationship,date_connected) VALUES ('tjohnson@gatech.edu','rtaylor@gatech.edu','Bestie',NULL);
INSERT INTO Friendship (email,friend_email,relationship,date_connected) VALUES ('tjohnson@gatech.edu','admin04@gtonline.com','Peer',CONCAT(CURDATE()-INTERVAL 4 MONTH));
INSERT INTO Friendship (email,friend_email,relationship,date_connected) VALUES ('cchavez@gatech.edu','jcarroll@gatech.edu','Sweetheart',NULL);
INSERT INTO Friendship (email,friend_email,relationship,date_connected) VALUES ('cchavez@gatech.edu','rwalker@gatech.edu','Sibling',CONCAT(CURDATE()-INTERVAL 7 YEAR));
INSERT INTO Friendship (email,friend_email,relationship,date_connected) VALUES ('cchavez@gatech.edu','shenry@gatech.edu','Coworker',NULL);
INSERT INTO Friendship (email,friend_email,relationship,date_connected) VALUES ('cchavez@gatech.edu','jhernandez@gatech.edu','Colleague',CONCAT(CURDATE()-INTERVAL 8 MONTH));
INSERT INTO Friendship (email,friend_email,relationship,date_connected) VALUES ('cchavez@gatech.edu','admin02@gtonline.com','Partner',NULL);
INSERT INTO Friendship (email,friend_email,relationship,date_connected) VALUES ('cchavez@gatech.edu','michael@bluthco.com','Mentor',CONCAT(CURDATE()-INTERVAL 20 YEAR));
INSERT INTO Friendship (email,friend_email,relationship,date_connected) VALUES ('admin01@gtonline.com','dwilliamson@gatech.edu','Bestie',NULL);
INSERT INTO Friendship (email,friend_email,relationship,date_connected) VALUES ('admin01@gtonline.com','crogers@gatech.edu','Child',CONCAT(CURDATE()-INTERVAL 1 MONTH));
INSERT INTO Friendship (email,friend_email,relationship,date_connected) VALUES ('admin01@gtonline.com','ahess@gatech.edu','Bestie',NULL);
INSERT INTO Friendship (email,friend_email,relationship,date_connected) VALUES ('admin01@gtonline.com','jflowers@gatech.edu','Bestie',CONCAT(CURDATE()-INTERVAL 14 YEAR));
INSERT INTO Friendship (email,friend_email,relationship,date_connected) VALUES ('admin01@gtonline.com','pestrada@gatech.edu','Sibling',CONCAT(CURDATE()-INTERVAL 9 WEEK));
INSERT INTO Friendship (email,friend_email,relationship,date_connected) VALUES ('admin02@gtonline.com','admin01@gtonline.com','Child',NULL);
INSERT INTO Friendship (email,friend_email,relationship,date_connected) VALUES ('admin02@gtonline.com','crogers@gatech.edu','Parent',CONCAT(CURDATE()-INTERVAL 10 WEEK));
INSERT INTO Friendship (email,friend_email,relationship,date_connected) VALUES ('admin02@gtonline.com','admin04@gtonline.com','Bestie',NULL);
INSERT INTO Friendship (email,friend_email,relationship,date_connected) VALUES ('admin02@gtonline.com','shenry@gatech.edu','LinkedIn',CONCAT(CURDATE()-INTERVAL 21 WEEK));
INSERT INTO Friendship (email,friend_email,relationship,date_connected) VALUES ('admin02@gtonline.com','tjohnson@gatech.edu','Child',NULL);
INSERT INTO Friendship (email,friend_email,relationship,date_connected) VALUES ('admin02@gtonline.com','pestrada@gatech.edu','Peer',CONCAT(CURDATE()-INTERVAL 5 MONTH));
INSERT INTO Friendship (email,friend_email,relationship,date_connected) VALUES ('admin03@gtonline.com','admin01@gtonline.com','Coworker',NULL);
INSERT INTO Friendship (email,friend_email,relationship,date_connected) VALUES ('admin03@gtonline.com','efrank@gatech.edu','Bestie',CONCAT(CURDATE()-INTERVAL 26 WEEK));
INSERT INTO Friendship (email,friend_email,relationship,date_connected) VALUES ('admin03@gtonline.com','jhernandez@gatech.edu','Mentor',NULL);
INSERT INTO Friendship (email,friend_email,relationship,date_connected) VALUES ('admin03@gtonline.com','ahess@gatech.edu','Grandchild',CONCAT(CURDATE()-INTERVAL 2 WEEK));
INSERT INTO Friendship (email,friend_email,relationship,date_connected) VALUES ('admin03@gtonline.com','admin02@gtonline.com','Cousin',NULL);
INSERT INTO Friendship (email,friend_email,relationship,date_connected) VALUES ('admin03@gtonline.com','llopez@gatech.edu','Facebook',CONCAT(CURDATE()-INTERVAL 23 MONTH));
INSERT INTO Friendship (email,friend_email,relationship,date_connected) VALUES ('admin04@gtonline.com','admin03@gtonline.com','Significant Other',NULL);
INSERT INTO Friendship (email,friend_email,relationship,date_connected) VALUES ('admin04@gtonline.com','cchavez@gatech.edu','Facebook',CONCAT(CURDATE()-INTERVAL 25 YEAR));
INSERT INTO Friendship (email,friend_email,relationship,date_connected) VALUES ('admin04@gtonline.com','tfox@gatech.edu','Significant Other',NULL);
INSERT INTO Friendship (email,friend_email,relationship,date_connected) VALUES ('admin04@gtonline.com','jcarroll@gatech.edu','Sweetheart',CONCAT(CURDATE()-INTERVAL 22 YEAR));
INSERT INTO Friendship (email,friend_email,relationship,date_connected) VALUES ('admin04@gtonline.com','rwalker@gatech.edu','Facebook',NULL);
INSERT INTO Friendship (email,friend_email,relationship,date_connected) VALUES ('admin04@gtonline.com','jflowers@gatech.edu','Peer',CONCAT(CURDATE()-INTERVAL 15 WEEK));